<?xml version="1.0" ?>
<TEI.2 id="judg_2010_10" lang="en" n="2010_10">
  <teiHeader date.created="2020-04-20" lang="en">
    <fileDesc>
      <titleStmt>
        <title type="full">
          <title type="main">Harry Mkandawire Vs The State</title>
          <title type="sub">Miscellaneous Criminal Application Case No 15 of 2010</title>
        </title>
      </titleStmt>
      <extent>33 paragraphs segments</extent>
      <publicationStmt>
        <publisher>Amelia Taylor, tNyasa Data Labs</publisher>
        <distributor>Amelia Taylor,tNyasa Data Labs,avtaylor14[at]gmail.com</distributor>
        <availability>COND_AVAILABILITY</availability>
        <date>April,2020</date>
      </publicationStmt>
      <notesStmt>
        <note>Only the court cases held at the Malawi Judiciary are deemed authentic.</note>
      </notesStmt>
      <sourceDescr>
        <bibl>Malawi Criminal Cases Corpus, covering 2010 - 2019, Copyright: Amelia Taylor.</bibl>
      </sourceDescr>
      <projectDescr>The corpus was part of a project &quot;Semi-automatic Tools for Meta-Data extraction from Malawi court judgments.The project received a grant from AI4D.</projectDescr>
      <classDecl>
        <taxonomy>
          <category xml:id="casetype">
            <catDesc>The type of case: order, bail, application, review, etc.</catDesc>
          </category>
          <category xml:id="courtofhearing">
            <catDesc>Criminal and which courts heard the case.</catDesc>
          </category>
        </taxonomy>
      </classDecl>
    </fileDesc>
    <textclass>
      <catRef target="#casetype">
        <keywords>
          <list type="casetype"/>
        </keywords>
      </catRef>
      <catRef target="#courtofhearing">
        <keywords>
          <list type="courts">
            <item>REPUBLIC OF MALAWI</item>
            <item>IN THE HIGH COURT OF MALAWI</item>
            <item>MZUZU DISTRICT REGISTRY</item>
          </list>
        </keywords>
      </catRef>
    </textclass>
  </teiHeader>
  <text>
    <front>
      <list type="caseinfo">
        <item>APPLICATION CASE NO  15 OF 2010</item>
        <item>ELLAUES</item>
      </list>
      <list type="parties">
        <item>APPLICANT</item>
        <item>THE STATE</item>
        <item>RESPONDENT</item>
        <item>Being Criminal Case Number 162 of 2009 before the First Grade Magistrates</item>
        <item>Court at Mzuzu</item>
      </list>
      <list type="coram">
        <item>THE HONORABLE MR  JUSTICE L  P  CHIKOPA</item>
        <item>Davie Lameck of Counsel for the Applicant</item>
        <item>Nicely Msowoya Senior State Counsel for the Respondent</item>
        <item>I  Zimba Bondo</item>
        <item>Mrs  F  Silavwe</item>
        <item>INTRODUCTION</item>
      </list>
    </front>
    <body>
      <p n="2">Official Interpreter Court Reporter</p>
      <p n="3">RULING</p>
      <p n="4">The applicant is appearing in the Court below charged with Uttering Seditious Words contrary to section 51 (l)(a)(b) as read with section 50(1 of the Penal</p>
      <p n="5"> Code. Clearly there are problems with the hearing of the matter. The applicant feels that his right to a fair trial as guaranteed under our Constitution is being eroded. There are in his view problems with disclosures, witnesses and the charges preferred against him. He therefore approached this court asking it to review the proceedings and give whatever directions it thought fit for the future conduct of the matter. We gave such directions ex tempore on May 7, 2010. This is the written version thereof.</p>
      <p n="6">JURISDICTON The first question we have to set straight before going into other substantive issues raised by the applicant is whether the application is properly before this court. As we understand the law, there is no appeal from the subordinate court to the superior benches unless on a final decision of the former. We say this to emphasize the point that this matter in so far as we are concerned should not be and is not an appeal against whatever has happened in the trial court. Having said that I think we should also emphasize the point that under the Courts Act [section 26] and also the Criminal Procedure and Evidence Code [CP&amp;EC] the High Court has supervisory powers over subordinate courts. This application therefore was made and received pursuant to those supervisory powers as opposed to being an appeal as properly understood. Whatever we are going to say and do will be in our supervisory capacity over criminal trials in subordinate courts. Having said that, I think we should also reiterate that sitting in this supervisory capacity we should guard against doing that which courts normally do on appeal namely to reverse or review decisions made by the trial courts. If we did that, we would be doing exactly what we have said we should not do that is treating this matter, via the back door, as an appeal when it is not.</p>
      <p n="7"> THE LAW Rather than discuss points of law applicable herein as we address the issues raised by the parties hereto we thought it better to address some of the applicable law separately.</p>
      <p n="8">The Power To Prosecute The general rule is that the conduct of criminal prosecutions in Malawi is the business of the Director of Public Prosecutions. It is however clear that this must be done in accordance not only with the constitution and the law but also the values that under pin our present constitutional dispensation. The Director of Public Prosecutions and those that act on his behalf should therefore at all times act fairly and objectively and only in the interest of the general public. If they do that and act within those landmarks the Director of Public Prosecutions is at liberty to commence any criminal action against any person at any time, anywhere. If on the other hand it is shown that the Director of Public Prosecutions acted either contrary to the law that is a constitution, the law generally or acted contrary to the public of interest or principles of fairness and objectivity the courts will not hesitate to come in and make appropriate orders or give what is called an effective remedy. We said as much in Kaunda &amp; Mwasanga v R Criminal Appeal Number 38 of 2006 High Court Mzuzu Registry [unreported] and Kwada &amp; Kasawa v R Criminal Appeal Number 91 of 2006 High Court Mzuzu Registry [unreported]. There are Kenyan authorities to the same effect but we think those are for another day another</p>
      <p n="9">The Drafting of Charges Because the duty to prosecute is that of the Director of Public Prosecutions it is his duty [or her duty] to ensure that whatever charges are brought to court are not just the correct/ proper charges but are properly drafted. See the cases of R v Given Visomba Confirmation Case Number 627 of 2007 High Court Mzuzu Registry [unreported] R v Carlton Mphande Confirmation Case Number 477 of</p>
      <p n="10"> 2007 High Court Mzuzu Registry [unreported] and Witney Douglas Selengu v R Criminal Appeal Number 20 of 2004 High Court Mzuzu Registry [unreported]. The DPP must never expect the court to come to their assistance in so far as the drafting of charges is concerned.</p>
      <p n="11">Disclosures For a long time criminal proceedings and practice has proceeded as if a criminal trial were war. That is not how it should be. The State is obliged once it has decided to prosecute to rnake available to the defence the charge against the accused, the particulars of their witnesses and the substance of their evidence and the names and statements of persons whom the State interviewed but is not going to use as witnesses. The reasoning for the latter is very simple. Firstly in case the defense wants to use those witnesses they should be free to do so. They should also know why the State decided not to use those witnesses. Is it because they were going to say something that is unfavorable to the State but favorable to the accused person? But more importantly we must remember that, criminal prosecutions are brought by the Director of Public Prosecutions not for his own sake but on behalf of the public in other words on behalf of the tax payers. The tax payers includes the accused person and you can not use the accused person's money to investigate a case against him, find evidence against him bring witnesses against him and then deny him a chance to have a look at that which have been done using his own money. That would be against the public interest and fairness principles we have talked about hereinabove. As we said elsewhere:</p>
      <p n="12">'the fruits of an investigation are not the monopoly conviction used to ensure that justice is done'.</p>
      <p n="13"> Amendments As a matter of general principle amendments can effectively be made at any time. Amendments have been made to charges even after completion of trial i.e. alternative verdicts and in some cases in appeal judgments in the Supreme Court. See R v Lucius Chicco Banda and R v John Chikakwiya where the said Court enetered convictions on charges other than those charged or appealed against. The only rider is that such amendments should be in. interests of justice. And when we talk about the interests of justice, it is not, as we understand the law, for the court to be hunting around for interests of justice. It is not after all the court that is seeking to make the amendment. It is the State. It is therefore for the State to show the court why it is in the interests of justice that an amendment be allowed. In the alternative why it will not occasion an injustice to the accused person if the amendment is allowed. One reason for there not being an injustice might be that the accused will be allowed to resummon for examination the State witnesses already heard or that the case will commence de novo.</p>
      <p n="14">Impartiality And Independence Section 42(2)(f) of our Constitution entitled an accused to trial only before an impartial and independent court. Courts should, to borrow words from elsewhere, not only be impartial and independent they should be seen to be such. It is important therefore that the courts as much as possible keep their distance from the proceedings before them. We have above alluded to the tendency in this jurisdiction to treat criminal prosecutions as some kind of war. And if it is war which parties want prosecutions to be the courts can only be arbitrators or referees. Unlike the modern football referee this court thinks courts should keep some distance between them and the matter they are hearing. If they do not there is always the danger that the dust and noise generated by war will get into its ears and eyes and affect whatever decision it</p>
      <p n="15"> Summoning of Witnesses Section 195 of the CP&amp;EC empowers any police officer of or above the rank of Assistant Superintendent or any magistrate dealing with a case, or the High Court Registrar to issue a summons to any person requiring his attendance before the court as a witness. If the witness fails without good excuse to appear in answer to such summons the court may issue a warrant for his arrest.</p>
      <p n="16">Under section 197 of the CPE&amp;EC a court is also allowed to issue a warrant for the arrest of a witness if satisfied by evidence on oath that such witness will not attend unless compelled to do so. Under section 202 of the CPEtEC a witness other than the accused who inter alia refuses to be sworn or to answer any question put to him may be treated as a refractory witness. The court is empowered as result thereof to commit such witness to prison for a period of up to eight days. Under section 230 of the CPEtEC the court may allow the prosecution on application to treat its own witness as a hostile witness and put to him questions normally put in cross-examination.</p>
      <p n="17">Costs and Expenses This is in relation to both time and money. In civil proceedings the Court invariably makes an order as to costs. In criminal matters each party always bears their own costs. But whereas the State has bottomless reserves especially in terms of manpower and finances that is never the case with accused persons. It is therefore imperative that criminal prosecutions are conducted in such a way that they do not become a burden financially even socially on the accused person. The accused person is after all an innocent man and should not be spending his resources on proving his innocence. See Republic v Denis Kambalame High Court Principal Registry [unreported]. Where therefore a trial court feels that the State's conduct was unreasonable and resulted in the accused being put into unnecessary expense and/or cost the court can order that the State meets such expense/cost. An example is R v Dr Kamuzu Banda &amp; Others [Mwanza Trial] where the Malawi Supreme Court of Appeal felt the</p>
      <p n="18"> State's case against Miss Tamanda Kadzamira so weak no reasonable prosecutor should have appealed against a decision of the High Court dismissing it. It ordered that the State meets her costs and expenses.</p>
      <p n="19">ISSUES We now turn to the issues raised especially by the applicant but in the light of the respondent's response and the law as discussed above.</p>
      <p n="20">Case Management Probably the biggest problem affecting this matter. Both the State and the defence allowed the case to commence and proceed without either taking into consideration issues of case management. Time and treasury seems not to have been regarded as of essence. There were no time frames set for disclosures, amendments, dates of hearing and adjournments. It did not matter that adjournments were sought for no good reason or that amendments to charges were made at the very last moment or witnesses were not warned in time. principles of case management need to be incorporated into this case if it is to proceed to conclusion with due speed.</p>
      <p n="21">Drafting Of Charges If we might go back to the basics the charge sheet should indicate not just the law under which the accused is charged but exactly what conduct is complained about. In the instant case we think there is a problem regarding the section under which the applicant is charged. Section 50(1)(a) defines a seditious intent. Section 51 (1) creates seditious offences. Paragraph (a) creates offences in relation to acts. Paragraph (b) creates offences in relation to words. Considering that the statement of offence talks of the applicant uttering seditious words it is clear that paragraph (a) is most likely out of There is also a problem about exactly what conduct of the applicant is complained of. Such is the problem's extent the charge against the applicant</p>
      <p n="22"> might be bad for duplicity. Sections 51 and 50 of the Penal Code under which the applicant is charged talk not just of uttering words of a seditious nature but the purport thereof. Any charge against an accused should therefore allege not just the alleged seditious words but also the alleged effect of such words. One may thus be accused of uttering seditious words with intent to cause disaffection. The charge before the subordinate court alleges that:</p>
      <p n="23">'on 24th day at St. Johns uttered seditious words the purport of which was Dr. Bingu Wamutharika and his government sideline the people of the North, favour the people in the South and Central by giving them important ministerial posts, does not develop the North, the quota university selection system is there to victimize the people from the North and that Mulhakho wa Lomwe is generating tribalism in the country, with intent to bring into hatred or contempt or to excite disaffection against the person of the president or the government'. [Sic]</p>
      <p n="24">What exactly are the alleged seditious words? If the words are those set out in the particulars the question are the words seditious taken together or each phrase by itself? If it the words taken together the particulars should clearly say so. If it is each phrase taken separately the particulars should also say so. And in relation to the intent which words are capable of which intent? But if truth be told we think each phrase should have been the subject of a separate count. Similarly each count should have specified one intent per phrase instead lumping three together as was done. By way only of example the State could have alleged that 'the accused person uttered seditious words namely that Dr. Bingu Wa Mutharika and his government sideline people from the North with intent to bring the government into contempt'. Proceeding on the charge as it is opens the prosecution to the charge that it is fishing. That it has laid on so many alternative charges in one count in the hope that the accused would get</p>
      <p n="25"> caught up in one. That goes against the principles of fairness we have spoken of above. It also most likely makes the charge bad for duplicity. It is necessary therefore that the State makes up its mind exactly what it wants to allege against the applicant, draft the requisite charge[sl or make the necessary amendments and do the requisite disclosures in respect thereof.</p>
      <p n="26">Amendment of Charges The state is free to amend a charge. It however does not just stand up and say we want to amend and the court grants them. The State should show that the amendment is in the interests of justice and will not cause injustice to the accused person. Then and only then will the trial court grant the amendment on such terms as it deems fit. If you read the court record herein there is no indication from the State that the amendment was in the interests of justice or that it would not occasion injustice to the applicant. Instead the trial court after hearing two witnesses and after the State had expressed an interest to amend the charge but with no input from either the State or the accused in that regard opined that an amendment would not cause injustice to the accused. That perhaps is not the correct way to proceed. It is not for the trial court to say, without input from the parties, that no injustice will be occasioned by an amendment. It is for the State to show the Trial Court that no injustice will be occasioned by an amendment. The only thing the court must do where an application for an amendment is done is to hear the application, hear the reasons for or against it and either grant it or not. The court can not however go round and start hunting for reasons why there will be no injustice if an amendment is allowed. If it does that the court wilt not be seen not to have descended from its high office and into the battle field. The dust and noise of the battlefield that I have spoken about above now becomes an issue. Once the amendment has been done the new charges should together with witness statement [including witnesses statement from those witnesses which the State is not going to use] and exhibits be served on the accused person and his Counsel. The trial court will also decide whether the applicant/ accused</p>
      <p n="27"> appears to us good practice if not good law that a case must start de novo or at the very least have witnesses recalled where there has been an amendment. Why because an amendment invariably occasions a change in the line of defence including for instance the manner of cross-examination. recall or a start de novo is only proper. The only instance where a recall or a recommencement de novo will not be done is where the accused person on record says he does not want to do that. To guard against abuse the record of the trial court should reflect that both the State and the trial court informed the accused person that he is at liberty to recall the witnesses or have the case start de novo but that he has chosen voluntarily, freely not to do that.</p>
      <p n="28">Summoning Of Witnesses The law is clear and we have cited it above. A witness duly summoned should attend court on the appointed day without fail. If he fails without good cause the court may issue a warrant for such a witness' arrest. It is important however to differentiate between a witness' attendance and a witness' testimony. Where a witness is duly summoned and fails to attend for no good reason he may be arrested. The arrest is to secure the witness' attendance at court. Not to force him to testify. This sanction is applied because failure for no good reason to comply with a court order is tantamount to contempt. Where however a witness attends court but fails to testify the sanction is not to arrest. It is to resort to sections 202 or 230 under which a witness can within certain specifications be declared either a refractory or hostile witnesses. The sanctions under sections 195, 202 and 230 should be handled with great care though. Firstly we doubt whether a witness who must be forced to testify is of any use to the prosecution. Secondly there are strict conditions that must be met before the sanctions can apply. One of them is that the witness must be served personally. Another is that the witness must have no good excuse for either failing to attend court or refusing to be sworn in or to testify. It is our</p>
      <p n="29"> hope that both the trial court and the prosecution will proceed with great care in so far as the treatment of the prosecution witnesses is concerned. As we have said above you would not get much out of witnesses you have to threaten with an arrest warrant before they testify.</p>
      <p n="30">Costs/Expenses We have no doubt that amendments may result in the resummoning of witnesses, recommencement of proceedings or the reinstructing of counsel. The applicant will be put to extra cost/expense thereby. It is unfair we think that the accused/ applicant should bear this cost/expense when he is not at fault. The State who by their failure to get the prosecution right the first time round should in our view bear the extra cost/ expense necessitated by either a recall of witnesses, a recommencement of proceedings de novo or a If the State decides in this case to amend or bring new charges altogether any costs or expenses incurred by the accused/ applicant in connection therewith shall be borne by the State. For purposes of guidance only we feel obliged to point out that in case of legal representation the Constitution entitles the applicant to counsel of his choice. Unless the applicant's demands are outrageous the State will meet the costs of such service.</p>
      <p n="31">CONCLUSION Firstly it is our direction that the State, the defense and the Trial Court should agree on a definite timetable as to the future conduct of this matter. The Trial Court should then ensure that the timetable is strictly adhered to by all parties. Secondly if the State is minded to amend the charge[s] herein they should make up their mind once and for atl what new charge[sl they want to bring against the applicant. They should then go back to the trial court and indicate to it not just how they intend to amend but also that such amendment is in the interests of the justice and will not occasion injustice to the accused/ applicant. If it is allowed the new charge[sl together with witness'</p>
      <p n="32"> identities, their précis of evidence and exhibits should then be served on the defence in accordance with whatever calendar of events has been agreed to. Thirdly if the amendment of the charges necessitates the recalling of State witnesses, the recommencement de novo of proceedings or the reinstruction of counsel the State shall meet the extra expense thereby incurred. Fourthly the trial court should ensure that witnesses are handled in strict accordance with the applicable law which we have outlined hereinabove. Fifthly this matter shall be prosecute to finality within 90 days from May 7, 2010. If not this matter shall stand dismissed. This time limit has been set with the consent of both parties. Lastly the proceedings in the court below will stand stayed while the State attends to the amendments and disclosures. This file is hereby remitted back to the trial court for the above purposes.</p>
      <p n="33">Dated this July 5, 2010 at Mzuzu.</p>
    </body>
  </text>
</TEI.2>
